<?xml version="1.0" encoding="UTF-8"?>
<project-private xmlns="http://www.netbeans.org/ns/project-private/1">
    <editor-bookmarks xmlns="http://www.netbeans.org/ns/editor-bookmarks/2" lastBookmarkId="0"/>
    <open-files xmlns="http://www.netbeans.org/ns/projectui-open-files/2">
        <group>
            <file>file:/D:/DM240018%20Board%20Code/pic24f-lcd-usb-curiosity-lcd-power-master/pic24f-lcd-usb-curiosity-lcd-power-master/pic24f-lcd-usb-curiosity-lcd-power.X/application/battery_operational_mode.h</file>
            <file>file:/D:/DM240018%20Board%20Code/pic24f-lcd-usb-curiosity-lcd-power-master/pic24f-lcd-usb-curiosity-lcd-power-master/pic24f-lcd-usb-curiosity-lcd-power.X/mcc_generated_files/adc1.h</file>
        </group>
    </open-files>
</project-private>
