<?xml version="1.0" encoding="UTF-8"?>
<configurationDescriptor version="65">
  <logicalFolder name="root" displayName="root" projectFiles="true">
    <logicalFolder name="HeaderFiles"
                   displayName="Header Files"
                   projectFiles="true">
      <logicalFolder name="f3" displayName="Application" projectFiles="true">
        <itemPath>application/battery_operational_mode.h</itemPath>
        <itemPath>application/build_time.h</itemPath>
        <itemPath>application/lcd_demo.h</itemPath>
        <itemPath>application/operational_mode.h</itemPath>
        <itemPath>application/usb_operational_mode.h</itemPath>
      </logicalFolder>
      <logicalFolder name="f2"
                     displayName="Board Support Package (BSP)"
                     projectFiles="true">
        <itemPath>bsp/timer_1ms.h</itemPath>
        <itemPath>bsp/power.h</itemPath>
        <itemPath>bsp/tc77.h</itemPath>
      </logicalFolder>
      <logicalFolder name="f1" displayName="MCC Generated Files" projectFiles="true">
        <itemPath>mcc_generated_files/rtcc.h</itemPath>
        <itemPath>mcc_generated_files/tmr3.h</itemPath>
        <itemPath>mcc_generated_files/traps.h</itemPath>
        <itemPath>mcc_generated_files/lcd_16seg.h</itemPath>
        <itemPath>mcc_generated_files/interrupt_manager.h</itemPath>
        <itemPath>mcc_generated_files/adc1.h</itemPath>
        <itemPath>mcc_generated_files/clock.h</itemPath>
        <itemPath>mcc_generated_files/lcd.h</itemPath>
        <itemPath>mcc_generated_files/spi1.h</itemPath>
        <itemPath>mcc_generated_files/lcd_segments.h</itemPath>
        <itemPath>mcc_generated_files/adc_module_features.h</itemPath>
        <itemPath>mcc_generated_files/mcc.h</itemPath>
        <itemPath>mcc_generated_files/system.h</itemPath>
        <itemPath>mcc_generated_files/lcd_7seg.h</itemPath>
        <itemPath>mcc_generated_files/pin_manager.h</itemPath>
      </logicalFolder>
    </logicalFolder>
    <logicalFolder name="LinkerScript"
                   displayName="Linker Files"
                   projectFiles="true">
    </logicalFolder>
    <logicalFolder name="SourceFiles"
                   displayName="Source Files"
                   projectFiles="true">
      <logicalFolder name="f3" displayName="Application" projectFiles="true">
        <itemPath>application/battery_operational_mode.c</itemPath>
        <itemPath>application/build_time.c</itemPath>
        <itemPath>application/lcd_demo.c</itemPath>
        <itemPath>application/usb_operational_mode.c</itemPath>
      </logicalFolder>
      <logicalFolder name="f2"
                     displayName="Board Support Package (BSP)"
                     projectFiles="true">
        <itemPath>bsp/timer_1ms.c</itemPath>
        <itemPath>bsp/power.c</itemPath>
        <itemPath>bsp/tc77.c</itemPath>
      </logicalFolder>
      <logicalFolder name="f1" displayName="MCC Generated Files" projectFiles="true">
        <itemPath>mcc_generated_files/rtcc.c</itemPath>
        <itemPath>mcc_generated_files/tmr3.c</itemPath>
        <itemPath>mcc_generated_files/spi1.c</itemPath>
        <itemPath>mcc_generated_files/traps.c</itemPath>
        <itemPath>mcc_generated_files/adc1.c</itemPath>
        <itemPath>mcc_generated_files/clock.c</itemPath>
        <itemPath>mcc_generated_files/lcd.c</itemPath>
        <itemPath>mcc_generated_files/lcd_16seg.c</itemPath>
        <itemPath>mcc_generated_files/interrupt_manager.c</itemPath>
        <itemPath>mcc_generated_files/lcd_7seg.c</itemPath>
        <itemPath>mcc_generated_files/pin_manager.c</itemPath>
        <itemPath>mcc_generated_files/mcc.c</itemPath>
        <itemPath>mcc_generated_files/system.c</itemPath>
      </logicalFolder>
      <itemPath>main.c</itemPath>
    </logicalFolder>
    <logicalFolder name="ExternalFiles"
                   displayName="Important Files"
                   projectFiles="false">
      <itemPath>Makefile</itemPath>
      <itemPath>MyConfig.mc3</itemPath>
    </logicalFolder>
  </logicalFolder>
  <sourceRootList>
    <Elem>..</Elem>
  </sourceRootList>
  <projectmakefile>Makefile</projectmakefile>
  <confs>
    <conf name="default" type="2">
      <toolsSet>
        <developmentServer>localhost</developmentServer>
        <targetDevice>PIC24FJ512GU410</targetDevice>
        <targetHeader></targetHeader>
        <targetPluginBoard></targetPluginBoard>
        <platformTool>pkob4hybrid</platformTool>
        <languageToolchain>XC16</languageToolchain>
        <languageToolchainVersion>1.70</languageToolchainVersion>
        <platform>3</platform>
      </toolsSet>
      <packs>
        <pack name="PIC24F-GL-GU_DFP" vendor="Microchip" version="1.3.38"/>
      </packs>
      <ScriptingSettings>
      </ScriptingSettings>
      <compileType>
        <linkerTool>
          <linkerLibItems>
          </linkerLibItems>
        </linkerTool>
        <archiverTool>
        </archiverTool>
        <loading>
          <useAlternateLoadableFile>false</useAlternateLoadableFile>
          <parseOnProdLoad>false</parseOnProdLoad>
          <alternateLoadableFile></alternateLoadableFile>
        </loading>
        <subordinates>
        </subordinates>
      </compileType>
      <makeCustomizationType>
        <makeCustomizationPreStepEnabled>false</makeCustomizationPreStepEnabled>
        <makeUseCleanTarget>false</makeUseCleanTarget>
        <makeCustomizationPreStep></makeCustomizationPreStep>
        <makeCustomizationPostStepEnabled>false</makeCustomizationPostStepEnabled>
        <makeCustomizationPostStep></makeCustomizationPostStep>
        <makeCustomizationPutChecksumInUserID>false</makeCustomizationPutChecksumInUserID>
        <makeCustomizationEnableLongLines>false</makeCustomizationEnableLongLines>
        <makeCustomizationNormalizeHexFile>false</makeCustomizationNormalizeHexFile>
      </makeCustomizationType>
      <C30>
        <property key="code-model" value="large-code"/>
        <property key="const-model" value="default"/>
        <property key="data-model" value="default"/>
        <property key="disable-instruction-scheduling" value="false"/>
        <property key="enable-all-warnings" value="true"/>
        <property key="enable-ansi-std" value="false"/>
        <property key="enable-ansi-warnings" value="false"/>
        <property key="enable-fatal-warnings" value="false"/>
        <property key="enable-large-arrays" value="false"/>
        <property key="enable-omit-frame-pointer" value="false"/>
        <property key="enable-procedural-abstraction" value="false"/>
        <property key="enable-short-double" value="false"/>
        <property key="enable-symbols" value="true"/>
        <property key="enable-unroll-loops" value="false"/>
        <property key="extra-include-directories" value=".;bsp"/>
        <property key="isolate-each-function" value="false"/>
        <property key="keep-inline" value="false"/>
        <property key="oXC16gcc-align-arr" value="false"/>
        <property key="oXC16gcc-cnsts-mauxflash" value="false"/>
        <property key="oXC16gcc-data-sects" value="false"/>
        <property key="oXC16gcc-errata" value=""/>
        <property key="oXC16gcc-fillupper" value=""/>
        <property key="oXC16gcc-large-aggregate" value="false"/>
        <property key="oXC16gcc-mauxflash" value="false"/>
        <property key="oXC16gcc-mpa-lvl" value=""/>
        <property key="oXC16gcc-name-text-sec" value=""/>
        <property key="oXC16gcc-near-chars" value="false"/>
        <property key="oXC16gcc-no-isr-warn" value="false"/>
        <property key="oXC16gcc-sfr-warn" value="false"/>
        <property key="oXC16gcc-smar-io-lvl" value="1"/>
        <property key="oXC16gcc-smart-io-fmt" value=""/>
        <property key="optimization-level" value="0"/>
        <property key="post-instruction-scheduling" value="default"/>
        <property key="pre-instruction-scheduling" value="default"/>
        <property key="preprocessor-macros" value="SYSTEM_PERIPHERAL_CLOCK=16000000"/>
        <property key="scalar-model" value="default"/>
        <property key="use-cci" value="false"/>
        <property key="use-iar" value="false"/>
      </C30>
      <C30-AR>
        <property key="additional-options-chop-files" value="false"/>
      </C30-AR>
      <C30-AS>
        <property key="assembler-symbols" value=""/>
        <property key="expand-macros" value="false"/>
        <property key="extra-include-directories-for-assembler" value=""/>
        <property key="extra-include-directories-for-preprocessor" value=""/>
        <property key="false-conditionals" value="false"/>
        <property key="keep-locals" value="false"/>
        <property key="list-assembly" value="false"/>
        <property key="list-section-info" value="false"/>
        <property key="list-source" value="false"/>
        <property key="list-symbols" value="false"/>
        <property key="oXC16asm-extra-opts" value=""/>
        <property key="oXC16asm-list-to-file" value="false"/>
        <property key="omit-debug-dirs" value="false"/>
        <property key="omit-forms" value="false"/>
        <property key="preprocessor-macros" value=""/>
        <property key="relax" value="false"/>
        <property key="warning-level" value="emit-warnings"/>
      </C30-AS>
      <C30-CO>
        <property key="coverage-enable" value=""/>
      </C30-CO>
      <C30-LD>
        <property key="additional-options-use-response-files" value="false"/>
        <property key="boot-eeprom" value="no_eeprom"/>
        <property key="boot-flash" value="no_flash"/>
        <property key="boot-ram" value="no_ram"/>
        <property key="boot-write-protect" value="no_write_protect"/>
        <property key="enable-check-sections" value="false"/>
        <property key="enable-data-init" value="true"/>
        <property key="enable-default-isr" value="true"/>
        <property key="enable-handles" value="true"/>
        <property key="enable-pack-data" value="true"/>
        <property key="extra-lib-directories" value=""/>
        <property key="fill-flash-options-addr" value=""/>
        <property key="fill-flash-options-const" value=""/>
        <property key="fill-flash-options-how" value="0"/>
        <property key="fill-flash-options-inc-const" value="1"/>
        <property key="fill-flash-options-increment" value=""/>
        <property key="fill-flash-options-seq" value=""/>
        <property key="fill-flash-options-what" value="0"/>
        <property key="general-code-protect" value="no_code_protect"/>
        <property key="general-write-protect" value="no_write_protect"/>
        <property key="generate-cross-reference-file" value="false"/>
        <property key="heap-size" value=""/>
        <property key="input-libraries" value=""/>
        <property key="linker-stack" value="true"/>
        <property key="linker-symbols" value=""/>
        <property key="map-file" value="${DISTDIR}/${PROJECTNAME}.${IMAGE_TYPE}.map"/>
        <property key="no-ivt" value="false"/>
        <property key="oXC16ld-extra-opts" value=""/>
        <property key="oXC16ld-fill-upper" value="0"/>
        <property key="oXC16ld-force-link" value="false"/>
        <property key="oXC16ld-no-smart-io" value="false"/>
        <property key="oXC16ld-nostdlib" value="false"/>
        <property key="oXC16ld-stackguard" value="16"/>
        <property key="preprocessor-macros" value=""/>
        <property key="remove-unused-sections" value="false"/>
        <property key="report-memory-usage" value="true"/>
        <property key="secure-eeprom" value="no_eeprom"/>
        <property key="secure-flash" value="no_flash"/>
        <property key="secure-ram" value="no_ram"/>
        <property key="secure-write-protect" value="no_write_protect"/>
        <property key="stack-size" value="16"/>
        <property key="symbol-stripping" value=""/>
        <property key="trace-symbols" value=""/>
        <property key="warn-section-align" value="false"/>
      </C30-LD>
      <C30Global>
        <property key="common-include-directories" value=""/>
        <property key="dual-boot-partition" value="0"/>
        <property key="fast-math" value="false"/>
        <property key="generic-16-bit" value="false"/>
        <property key="legacy-libc" value="true"/>
        <property key="mpreserve-all" value="false"/>
        <property key="oXC16glb-macros" value=""/>
        <property key="omit-pack-options" value="1"/>
        <property key="output-file-format" value="elf"/>
        <property key="preserve-all" value="false"/>
        <property key="preserve-file" value=""/>
        <property key="relaxed-math" value="false"/>
        <property key="save-temps" value="false"/>
      </C30Global>
      <ICD3PlatformTool>
        <property key="ADC 1" value="true"/>
        <property key="AutoSelectMemRanges" value="auto"/>
        <property key="CLC 1" value="true"/>
        <property key="CLC 2" value="true"/>
        <property key="CLC 3" value="true"/>
        <property key="CLC 4" value="true"/>
        <property key="COMPARATOR" value="true"/>
        <property key="CRC" value="true"/>
        <property key="DMA" value="true"/>
        <property key="Freeze All Other Peripherals" value="true"/>
        <property key="I2C 1" value="true"/>
        <property key="I2C 2" value="true"/>
        <property key="I2C 3" value="true"/>
        <property key="IOC" value="true"/>
        <property key="LCD" value="true"/>
        <property key="LVD" value="true"/>
        <property key="MCCP/SCCP 1" value="true"/>
        <property key="MCCP/SCCP 2" value="true"/>
        <property key="MCCP/SCCP 3" value="true"/>
        <property key="MCCP/SCCP 4" value="true"/>
        <property key="MCCP/SCCP 5" value="true"/>
        <property key="MCCP/SCCP 6" value="true"/>
        <property key="MCCP/SCCP 7" value="true"/>
        <property key="MCCP/SCCP 8" value="true"/>
        <property key="OSC" value="true"/>
        <property key="REFO" value="true"/>
        <property key="RTCC" value="true"/>
        <property key="SPI 1" value="true"/>
        <property key="SPI 2" value="true"/>
        <property key="SPI 3" value="true"/>
        <property key="SPI 4" value="true"/>
        <property key="SecureSegment.SegmentProgramming" value="FullChipProgramming"/>
        <property key="TIMER 1" value="true"/>
        <property key="TIMER 2" value="true"/>
        <property key="TIMER 3" value="true"/>
        <property key="TIMER 4" value="true"/>
        <property key="TIMER 5" value="true"/>
        <property key="ToolFirmwareFilePath"
                  value="Press to browse for a specific firmware version"/>
        <property key="ToolFirmwareOption.UseLatestFirmware" value="true"/>
        <property key="UART 1" value="true"/>
        <property key="UART 2" value="true"/>
        <property key="UART 3" value="true"/>
        <property key="UART 4" value="true"/>
        <property key="UART 5" value="true"/>
        <property key="UART 6" value="true"/>
        <property key="USB" value="true"/>
        <property key="debugoptions.useswbreakpoints" value="false"/>
        <property key="hwtoolclock.frcindebug" value="false"/>
        <property key="memories.aux" value="false"/>
        <property key="memories.bootflash" value="false"/>
        <property key="memories.configurationmemory" value="true"/>
        <property key="memories.configurationmemory2" value="true"/>
        <property key="memories.dataflash" value="true"/>
        <property key="memories.eeprom" value="true"/>
        <property key="memories.flashdata" value="true"/>
        <property key="memories.id" value="true"/>
        <property key="memories.instruction.ram" value="true"/>
        <property key="memories.instruction.ram.ranges"
                  value="${memories.instruction.ram.ranges}"/>
        <property key="memories.programmemory" value="true"/>
        <property key="memories.programmemory.ranges" value="0-15eff"/>
        <property key="poweroptions.powerenable" value="false"/>
        <property key="programoptions.donoteraseauxmem" value="false"/>
        <property key="programoptions.eraseb4program" value="true"/>
        <property key="programoptions.preservedataflash" value="false"/>
        <property key="programoptions.preservedataflash.ranges" value=""/>
        <property key="programoptions.preserveeeprom" value="false"/>
        <property key="programoptions.preserveeeprom.ranges" value=""/>
        <property key="programoptions.preserveprogram.ranges" value=""/>
        <property key="programoptions.preserveprogramrange" value="false"/>
        <property key="programoptions.preserveuserid" value="false"/>
        <property key="programoptions.programcalmem" value="false"/>
        <property key="programoptions.programuserotp" value="false"/>
        <property key="programoptions.testmodeentrymethod" value="VDDFirst"/>
        <property key="programoptions.usehighvoltageonmclr" value="false"/>
        <property key="programoptions.uselvpprogramming" value="false"/>
        <property key="voltagevalue" value="3.25"/>
      </ICD3PlatformTool>
      <ICD4Tool>
        <property key="ADC 1" value="true"/>
        <property key="AutoSelectMemRanges" value="auto"/>
        <property key="CLC 1" value="true"/>
        <property key="CLC 2" value="true"/>
        <property key="CLC 3" value="true"/>
        <property key="CLC 4" value="true"/>
        <property key="COMPARATOR" value="true"/>
        <property key="CRC" value="true"/>
        <property key="DMA" value="true"/>
        <property key="Freeze All Other Peripherals" value="true"/>
        <property key="I2C 1" value="true"/>
        <property key="I2C 2" value="true"/>
        <property key="I2C 3" value="true"/>
        <property key="IOC" value="true"/>
        <property key="LCD" value="true"/>
        <property key="LVD" value="true"/>
        <property key="MCCP/SCCP 1" value="true"/>
        <property key="MCCP/SCCP 2" value="true"/>
        <property key="MCCP/SCCP 3" value="true"/>
        <property key="MCCP/SCCP 4" value="true"/>
        <property key="MCCP/SCCP 5" value="true"/>
        <property key="MCCP/SCCP 6" value="true"/>
        <property key="MCCP/SCCP 7" value="true"/>
        <property key="MCCP/SCCP 8" value="true"/>
        <property key="OSC" value="true"/>
        <property key="REFO" value="true"/>
        <property key="RTCC" value="true"/>
        <property key="SPI 1" value="true"/>
        <property key="SPI 2" value="true"/>
        <property key="SPI 3" value="true"/>
        <property key="SPI 4" value="true"/>
        <property key="SecureSegment.SegmentProgramming" value="FullChipProgramming"/>
        <property key="TIMER 1" value="true"/>
        <property key="TIMER 2" value="true"/>
        <property key="TIMER 3" value="true"/>
        <property key="TIMER 4" value="true"/>
        <property key="TIMER 5" value="true"/>
        <property key="ToolFirmwareFilePath"
                  value="Press to browse for a specific firmware version"/>
        <property key="ToolFirmwareOption.UpdateOptions"
                  value="ToolFirmwareOption.UseLatest"/>
        <property key="ToolFirmwareToolPack"
                  value="Press to select which tool pack to use"/>
        <property key="UART 1" value="true"/>
        <property key="UART 2" value="true"/>
        <property key="UART 3" value="true"/>
        <property key="UART 4" value="true"/>
        <property key="UART 5" value="true"/>
        <property key="UART 6" value="true"/>
        <property key="USB" value="true"/>
        <property key="communication.interface.jtag" value="2wire"/>
        <property key="debugoptions.useswbreakpoints" value="false"/>
        <property key="hwtoolclock.frcindebug" value="false"/>
        <property key="memories.aux" value="false"/>
        <property key="memories.bootflash" value="true"/>
        <property key="memories.configurationmemory" value="true"/>
        <property key="memories.configurationmemory2" value="true"/>
        <property key="memories.dataflash" value="true"/>
        <property key="memories.eeprom" value="true"/>
        <property key="memories.exclude.configurationmemory" value="true"/>
        <property key="memories.flashdata" value="true"/>
        <property key="memories.id" value="true"/>
        <property key="memories.instruction.ram.ranges"
                  value="${memories.instruction.ram.ranges}"/>
        <property key="memories.programmemory" value="true"/>
        <property key="memories.programmemory.ranges" value="0-55eff"/>
        <property key="poweroptions.powerenable" value="false"/>
        <property key="programoptions.donoteraseauxmem" value="false"/>
        <property key="programoptions.eraseb4program" value="true"/>
        <property key="programoptions.ledbrightness" value="5"/>
        <property key="programoptions.pgcconfig" value="pull down"/>
        <property key="programoptions.pgcresistor.value" value="4.7"/>
        <property key="programoptions.pgdconfig" value="pull down"/>
        <property key="programoptions.pgdresistor.value" value="4.7"/>
        <property key="programoptions.pgmentry.voltage" value="low"/>
        <property key="programoptions.pgmspeed" value="Med"/>
        <property key="programoptions.preservedataflash" value="false"/>
        <property key="programoptions.preservedataflash.ranges"
                  value="${memories.dataflash.default}"/>
        <property key="programoptions.preserveeeprom" value="false"/>
        <property key="programoptions.preserveeeprom.ranges" value=""/>
        <property key="programoptions.preserveprogram.ranges" value=""/>
        <property key="programoptions.preserveprogramrange" value="false"/>
        <property key="programoptions.preserveuserid" value="false"/>
        <property key="programoptions.programcalmem" value="false"/>
        <property key="programoptions.programuserotp" value="false"/>
        <property key="programoptions.testmodeentrymethod" value="VDDFirst"/>
        <property key="toolpack.updateoptions"
                  value="toolpack.updateoptions.uselatestoolpack"/>
        <property key="toolpack.updateoptions.packversion"
                  value="Press to select which tool pack to use"/>
        <property key="voltagevalue" value="3.25"/>
      </ICD4Tool>
      <PKOBSKDEPlatformTool>
        <property key="AutoSelectMemRanges" value="auto"/>
        <property key="SecureSegment.SegmentProgramming" value="FullChipProgramming"/>
        <property key="ToolFirmwareFilePath"
                  value="Press to browse for a specific firmware version"/>
        <property key="ToolFirmwareOption.UseLatestFirmware" value="true"/>
        <property key="memories.configurationmemory" value="true"/>
        <property key="memories.dataflash" value="true"/>
        <property key="memories.eeprom" value="true"/>
        <property key="memories.id" value="true"/>
        <property key="memories.programmemory" value="true"/>
        <property key="memories.programmemory.ranges" value="0-ffffffffffffffff"/>
        <property key="memories.userotp" value="true"/>
        <property key="programoptions.donoteraseauxmem" value="false"/>
        <property key="programoptions.eraseb4program" value="true"/>
        <property key="programoptions.preservedataflash" value="false"/>
        <property key="programoptions.preservedataflash.ranges" value=""/>
        <property key="programoptions.preserveeeprom" value="false"/>
        <property key="programoptions.preserveeeprom.ranges"
                  value="${memories.eedata.default}"/>
        <property key="programoptions.preserveprogram.ranges" value=""/>
        <property key="programoptions.preserveprogramrange" value="false"/>
        <property key="programoptions.usehighvoltageonmclr" value="false"/>
        <property key="programoptions.uselvpprogramming" value="true"/>
      </PKOBSKDEPlatformTool>
      <Tool>
        <property key="ADC 1" value="true"/>
        <property key="AutoSelectMemRanges" value="auto"/>
        <property key="CLC 1" value="true"/>
        <property key="CLC 2" value="true"/>
        <property key="CLC 3" value="true"/>
        <property key="CLC 4" value="true"/>
        <property key="COMPARATOR" value="true"/>
        <property key="CRC" value="true"/>
        <property key="DMA" value="true"/>
        <property key="Freeze All Other Peripherals" value="true"/>
        <property key="I2C 1" value="true"/>
        <property key="I2C 2" value="true"/>
        <property key="I2C 3" value="true"/>
        <property key="IOC" value="true"/>
        <property key="LCD" value="true"/>
        <property key="LVD" value="true"/>
        <property key="MCCP/SCCP 1" value="true"/>
        <property key="MCCP/SCCP 2" value="true"/>
        <property key="MCCP/SCCP 3" value="true"/>
        <property key="MCCP/SCCP 4" value="true"/>
        <property key="MCCP/SCCP 5" value="true"/>
        <property key="MCCP/SCCP 6" value="true"/>
        <property key="MCCP/SCCP 7" value="true"/>
        <property key="MCCP/SCCP 8" value="true"/>
        <property key="OSC" value="true"/>
        <property key="REFO" value="true"/>
        <property key="RTCC" value="true"/>
        <property key="SPI 1" value="true"/>
        <property key="SPI 2" value="true"/>
        <property key="SPI 3" value="true"/>
        <property key="SPI 4" value="true"/>
        <property key="SecureSegment.SegmentProgramming" value="FullChipProgramming"/>
        <property key="TIMER 1" value="true"/>
        <property key="TIMER 2" value="true"/>
        <property key="TIMER 3" value="true"/>
        <property key="TIMER 4" value="true"/>
        <property key="TIMER 5" value="true"/>
        <property key="ToolFirmwareFilePath"
                  value="Press to browse for a specific firmware version"/>
        <property key="ToolFirmwareOption.UpdateOptions"
                  value="ToolFirmwareOption.UseLatest"/>
        <property key="ToolFirmwareToolPack"
                  value="Press to select which tool pack to use"/>
        <property key="UART 1" value="true"/>
        <property key="UART 2" value="true"/>
        <property key="UART 3" value="true"/>
        <property key="UART 4" value="true"/>
        <property key="UART 5" value="true"/>
        <property key="UART 6" value="true"/>
        <property key="USB" value="true"/>
        <property key="communication.interface.jtag" value="2wire"/>
        <property key="debugoptions.useswbreakpoints" value="false"/>
        <property key="hwtoolclock.frcindebug" value="false"/>
        <property key="memories.aux" value="false"/>
        <property key="memories.bootflash" value="true"/>
        <property key="memories.configurationmemory" value="true"/>
        <property key="memories.configurationmemory2" value="true"/>
        <property key="memories.dataflash" value="true"/>
        <property key="memories.eeprom" value="true"/>
        <property key="memories.exclude.configurationmemory" value="true"/>
        <property key="memories.flashdata" value="true"/>
        <property key="memories.id" value="true"/>
        <property key="memories.instruction.ram.ranges"
                  value="${memories.instruction.ram.ranges}"/>
        <property key="memories.programmemory" value="true"/>
        <property key="memories.programmemory.ranges" value="0-55eff"/>
        <property key="poweroptions.powerenable" value="false"/>
        <property key="programmerToGoFilePath"
                  value="C:/work/repos/oobe_curiosity_boards/oob_pic24f_lcd_and_usb_curiosity/project.X/debug/default/project_ptg"/>
        <property key="programoptions.donoteraseauxmem" value="false"/>
        <property key="programoptions.eraseb4program" value="true"/>
        <property key="programoptions.ledbrightness" value="5"/>
        <property key="programoptions.pgcconfig" value="pull down"/>
        <property key="programoptions.pgcresistor.value" value="4.7"/>
        <property key="programoptions.pgdconfig" value="pull down"/>
        <property key="programoptions.pgdresistor.value" value="4.7"/>
        <property key="programoptions.pgmentry.voltage" value="low"/>
        <property key="programoptions.pgmspeed" value="Med"/>
        <property key="programoptions.preservedataflash" value="false"/>
        <property key="programoptions.preservedataflash.ranges"
                  value="${memories.dataflash.default}"/>
        <property key="programoptions.preserveeeprom" value="false"/>
        <property key="programoptions.preserveeeprom.ranges" value=""/>
        <property key="programoptions.preserveprogram.ranges" value=""/>
        <property key="programoptions.preserveprogramrange" value="false"/>
        <property key="programoptions.preserveuserid" value="false"/>
        <property key="programoptions.programcalmem" value="false"/>
        <property key="programoptions.programuserotp" value="false"/>
        <property key="programoptions.testmodeentrymethod" value="VDDFirst"/>
        <property key="toolpack.updateoptions"
                  value="toolpack.updateoptions.uselatestoolpack"/>
        <property key="toolpack.updateoptions.packversion"
                  value="Press to select which tool pack to use"/>
        <property key="voltagevalue" value="3.25"/>
      </Tool>
      <pkob4hybrid>
        <property key="memories.programmemory.ranges" value="0-55eff"/>
        <property key="programmerToGoFilePath"
                  value="C:/work/repos/oobe_curiosity_boards/oob_pic24f_lcd_and_usb_curiosity/project.X/debug/default/project_ptg"/>
      </pkob4hybrid>
    </conf>
  </confs>
</configurationDescriptor>
